country;year;co2;co2_per_capita;primary_energy_consumption;population;gdp;annual_co2_tonnes;energy_available_final_consumption_ktoe;gross_available_energy_ktoe;net_energy_supply_ktoe;renewables_share_pct;public_rd_investment;private_rd_investment;clean_energy_patents
Austria;2004;77.694;9.506;422.457;8173494.0;303692480512.0;77715920.0;26806.511;33098.782;32507.505;22.553;33.534;174.0381592;43.446322543
Austria;2005;79.092;9.611;431.35;8229204.0;311441129472.0;79095480.0;27342.453;34402.13;33735.641;24.353;33.6;293.6932648;61.847107322999996
Austria;2006;76.812;9.288;425.865;8269902.0;323236888576.0;76796200.0;27769.393;34712.085;34018.889;26.276;42.399;267.2387971;62.970266086
Austria;2007;74.112;8.932;420.066;8296949.0;336303980544.0;74092160.0;27136.885;34120.399;33384.038;28.144;31.886;369.3527196;97.257773146
Austria;2008;73.49;8.829;424.56;8323250.0;342892511232.0;73466480.0;27165.093;34391.508;33654.856;28.788;71.167;341.98227860000003;94.42288051700001
Austria;2009;67.307;8.065;409.772;8345072.0;331119034368.0;67301760.0;26522.384;32651.028;32012.06;31.039;92.27;538.5588123;121.384269753
Austria;2010;72.008;8.608;421.558;8365087.0;338832261120.0;72000250.0;27768.93;34854.184;34165.928;31.205;120.979;983.2804089999998;142.00736040500001
Austria;2011;69.901;8.328;395.869;8393272.0;349713465344.0;69891710.0;26761.826;33840.088;33120.811;31.552;120.823;672.6891025;146.712886322
Austria;2012;67.274;7.979;414.402;8431598.0;352093110272.0;67260344.0;27055.068;33740.804;33041.368;32.734;120.101;954.0398582;213.976737252
Austria;2013;67.767;7.99;410.852;8481411.0;352182894592.0;67758860.0;27626.391;34136.106;33467.556;32.665;124.555;781.9219515;208.48042789500002
Austria;2014;64.166;7.507;394.889;8547812.0;354511814656.0;64158736.0;26642.594;32938.236;32270.341;33.55;143.097;770.982999;232.579202062
Austria;2015;66.357;7.677;396.383;8644037.0;358108266496.0;66357780.0;27278.875;33741.875;33027.98;33.497;128.41400000000002;758.843221;196.184415468
Austria;2016;67.217;7.693;409.651;8737920.0;365232717824.0;67218740.0;27964.856;34209.391;33429.285;33.37;140.893;540.268869;144.240873906
Austria;2017;69.598;7.91;417.569;8798780.0;373481668608.0;69601480.0;28186.935;34824.866;34070.053;33.136;139.335;539.14658;0.0
Austria;2018;66.562;7.528;408.402;8841652.0;382540021760.0;66566510.0;27892.29;34028.126;33184.811;33.784;144.061;0.0;0.0
Austria;2019;67.946;7.651;427.96;8880875.0;388344676352.0;67951230.0;28339.587;34782.999;33808.518;33.755;0.0;0.0;0.0
Austria;2020;62.176;6.969;400.144;8921402.0;363281088512.0;62179828.0;27093.933;32303.729;31971.269;36.545;0.0;0.0;0.0
Austria;2021;65.757;7.333;406.033;8967053.0;379835219968.0;65751344.0;28593.994;34170.475;33753.843;34.643;;;
Austria;2022;61.489;6.783;379.769;9064679.0;398815395840.0;61454140.0;26937.705;32737.087;32112.497;34.057;;;
Austria;2023;58.578;6.416;384.811;9130434.0;;56908956.0;26026.656;32025.547;31151.025;41.6;;;
Belgium;2004;128.782;12.358;764.62;10421298.0;372499152896.0;128811736.0;42120.703;67378.243;58450.341;1.916;0.0;81.971097;37.939042674
Belgium;2005;125.64;11.99;756.118;10478883.0;380840050688.0;125657690.0;41622.613;66918.791;58129.446;2.325;0.0;60.964399799999995;30.744625697
Belgium;2006;123.884;11.744;758.241;10548446.0;390874955776.0;123900460.0;40286.971;66882.994;57412.59;2.658;0.0;83.597555;29.38175273
Belgium;2007;120.481;11.339;763.469;10625490.0;404721958912.0;120493400.0;38804.551;66853.035;56304.575;3.14;94.263;163.2953511;50.427211628
Belgium;2008;120.18;11.222;775.734;10709710.0;408290525184.0;120204350.0;41696.261;69018.706;58074.46;3.611;0.0;198.6950089;63.544275616
Belgium;2009;107.78;9.968;715.849;10812936.0;399489957888.0;107806790.0;39787.384;63630.864;55350.647;4.746;0.0;261.6441691;79.792380303
Belgium;2010;114.49;10.468;764.721;10936620.0;411261698048.0;114562660.0;42983.415;68269.487;59297.754;6.004;56.086;282.357673;84.319353766
Belgium;2011;105.098;9.521;713.592;11038627.0;420934221824.0;105158970.0;39617.581;63388.112;55177.125;6.302;150.846;250.3260563;93.606378667
Belgium;2012;102.435;9.222;684.924;11107524.0;424045838336.0;102486240.0;39175.135;60382.375;52993.133;7.086;210.797;224.56712420000002;114.28888042599999
Belgium;2013;102.762;9.208;701.93;11160277.0;425993273344.0;102815960.0;41361.594;62641.588;55212.25;7.671;194.75799999999998;164.4298921;84.915645799
Belgium;2014;97.034;8.656;650.872;11210111.0;432717692928.0;97080950.0;39728.547;59003.446;52292.301;8.038;166.84300000000002;209.125189;82.87709111299999
Belgium;2015;101.275;8.982;657.449;11275332.0;441551454208.0;101327496.0;40975.576;59503.333;52236.174;8.06;161.253;175.501173;79.17652014699999
Belgium;2016;99.742;8.801;709.505;11332704.0;447144493056.0;99816290.0;40922.957;63147.197;55044.281;8.744;164.495;176.67101599999998;84.777778242
Belgium;2017;99.192;8.719;716.058;11376583.0;454386384896.0;99282190.0;40674.916;63923.921;54849.071;9.136;159.666;79.46674300000001;0.0
Belgium;2018;100.159;8.764;714.225;11428609.0;462533263360.0;100256370.0;41095.643;63991.348;53022.951;9.472;82.694;0.0;0.0
Belgium;2019;99.684;8.675;738.434;11490622.0;472898011136.0;99798730.0;40087.417;64307.101;54405.231;9.929;0.0;0.0;0.0
Belgium;2020;91.228;7.905;664.012;11540103.0;447544098816.0;91254550.0;38245.772;57821.557;50246.694;13.0;0.0;0.0;0.0
Belgium;2021;94.886;8.2;738.345;11570842.0;474995851264.0;94928070.0;40996.1;64174.931;55087.801;13.017;;;
Belgium;2022;89.002;7.645;694.486;11641813.0;489678405632.0;88914970.0;37112.622;59730.663;50333.049;13.831;;;
Belgium;2023;83.368;7.118;642.063;11712894.0;;84703360.0;36585.543;55904.201;47223.846;14.673;;;
Bulgaria;2004;49.624;6.404;217.915;7749431.0;83228672000.0;49537290.0;9984.239;19082.766;18811.201;9.231;0.0;4.895476;3.027777784
Bulgaria;2005;50.685;6.587;236.086;7695047.0;89684787200.0;50600356.0;10513.7;20193.869;19892.423;9.173;0.0;0.31923;1.100000001
Bulgaria;2006;51.922;6.796;240.701;7640290.0;96404594688.0;51837492.0;10927.892;20796.798;20510.565;9.415;0.0;0.0;2.5
Bulgaria;2007;55.751;7.348;232.64;7586895.0;104058200064.0;55669220.0;10737.803;20403.12;20168.797;9.098;0.0;0.0;0.0
Bulgaria;2008;54.109;7.18;230.224;7535590.0;110900338688.0;54025910.0;10740.204;20157.848;19823.899;10.345;0.0;19.773595999999998;9.333333374
Bulgaria;2009;45.837;6.121;202.106;7488018.0;107365072896.0;45750250.0;9228.803;17777.004;17418.998;12.005;0.0;5.046197;2.975000009
Bulgaria;2010;47.9;6.44;211.471;7437594.0;109045211136.0;47815700.0;9238.942;18012.371;17748.48;13.927;0.0;1.37175;3.071428597
Bulgaria;2011;53.205;7.209;224.607;7380021.0;109435363328.0;53120460.0;9669.717;19275.496;19030.567;14.152;0.0;3.609707;8.200000032
Bulgaria;2012;48.361;6.609;213.428;7317021.0;110261510144.0;48276560.0;9599.231;18458.681;18231.765;15.837;0.0;12.073347;8.444444462
Bulgaria;2013;42.726;5.881;198.108;7264606.0;109643522048.0;42582988.0;9173.026;17175.487;16926.06;18.898;0.0;8.058271;4.333333403999999
Bulgaria;2014;45.251;6.265;211.55;7223451.0;110703534080.0;45169064.0;9495.222;17955.616;17704.737;18.05;0.0;8.64407;3.473684214
Bulgaria;2015;48.204;6.716;224.68;7177516.0;114498609152.0;48127124.0;10065.15;18767.777;18504.383;18.261;0.0;18.336364999999997;7.000000179
Bulgaria;2016;45.419;6.372;213.117;7127436.0;117979078656.0;45343750.0;10039.888;18371.373;18081.015;18.76;0.0;7.25951;3.0
Bulgaria;2017;47.521;6.716;218.174;7075639.0;121237946368.0;47445844.0;10269.856;19015.831;18697.785;18.695;0.0;2.8101000000000003;0.0
Bulgaria;2018;43.577;6.203;218.814;7024746.0;124492857344.0;43503330.0;10381.904;18943.773;18605.594;20.581;0.0;0.0;0.0
Bulgaria;2019;42.267;6.059;211.551;6975467.0;129520074752.0;42194980.0;10151.357;18748.773;18434.751;21.545;0.0;0.0;0.0
Bulgaria;2020;36.644;5.285;195.374;6933654.0;124392792064.0;36571028.0;10183.195;17798.37;17576.063;23.319;0.0;0.0;0.0
Bulgaria;2021;42.425;6.169;221.896;6877222.0;133889810432.0;42365030.0;10823.27;19370.939;19121.85;19.394;;;
Bulgaria;2022;46.966;6.881;229.475;6825863.0;138390159360.0;46931790.0;10265.61;19635.766;19348.531;19.079;;;
Bulgaria;2023;36.094;5.311;199.267;6795804.0;;34500948.0;9991.576;17393.086;17090.572;23.151;;;
Croatia;2004;22.855;5.303;110.541;4310054.0;69483831296.0;22852690.0;7637.192;9681.035;9587.281;23.404;0.0;4.31136;1.666666687
Croatia;2005;23.298;5.401;109.285;4313946.0;73522774016.0;23295552.0;7841.93;9850.906;9739.803;23.691;0.0;0.318052;0.125
Croatia;2006;23.499;5.445;107.95;4315802.0;78256431104.0;23496198.0;7834.132;9795.038;9686.866;22.668;0.0;0.0;0.028985506
Croatia;2007;24.805;5.747;108.455;4315957.0;83591430144.0;24801760.0;7918.54;10181.539;10065.763;22.161;0.0;2.283438;0.600000009
Croatia;2008;23.52;5.451;107.864;4314634.0;86620962816.0;23515656.0;8022.905;9939.752;9812.477;21.986;0.0;0.0;1.0
Croatia;2009;21.756;5.047;106.489;4310537.0;81451696128.0;21752318.0;7703.484;9570.16;9473.44;23.596;0.0;0.505947;0.166666672
Croatia;2010;20.986;4.879;108.264;4301152.0;81303797760.0;20978134.0;7727.569;9477.759;9372.252;25.103;0.0;24.33979;5.014285803
Croatia;2011;20.621;4.817;94.448;4280827.0;82302803968.0;20614658.0;7473.52;9284.118;9156.651;25.389;0.0;5.15452;2.314285703
Croatia;2012;19.056;4.474;87.595;4259234.0;80383803392.0;19050020.0;7092.844;8728.915;8614.754;26.757;0.0;4.660803;1.199999988
Croatia;2013;18.406;4.339;96.073;4242404.0;80064094208.0;18401342.0;7007.473;8559.519;8434.858;28.04;0.0;2.993898;2.500000016
Croatia;2014;17.657;4.185;96.009;4219485.0;79720243200.0;17649938.0;6671.967;8156.192;8030.511;27.817;0.0;0.0;0.0
Croatia;2015;17.803;4.255;91.02;4183732.0;81731108864.0;17793892.0;7016.573;8508.426;8387.91;28.969;0.0;2.12458;1.0
Croatia;2016;18.09;4.373;94.731;4136438.0;84640153600.0;18079278.0;7049.521;8583.007;8454.603;28.266;0.0;3.12074;2.285714298
Croatia;2017;18.719;4.589;94.783;4079198.0;87528488960.0;18713126.0;7328.457;8888.239;8734.018;27.28;0.0;0.0;0.0
Croatia;2018;17.703;4.398;98.16;4024868.0;89979863040.0;17694512.0;7169.205;8696.791;8491.654;28.047;0.0;0.0;0.0
Croatia;2019;17.83;4.473;95.813;3986338.0;93057982464.0;17820422.0;7289.787;8814.045;8589.513;28.466;0.0;0.0;0.0
Croatia;2020;16.882;4.27;91.378;3953957.0;85073362944.0;16870106.0;6964.498;8323.132;8248.778;31.023;0.0;0.0;0.0
Croatia;2021;17.411;4.436;98.312;3924607.0;96194363392.0;17402972.0;7300.983;8718.183;8596.096;31.285;;;
Croatia;2022;17.608;4.507;93.167;3907031.0;102284648448.0;17585164.0;6912.119;8526.917;8322.109;28.088;;;
Croatia;2023;17.524;4.498;101.162;3896024.0;;18467598.0;7221.552;8865.412;8642.862;28.088;;;
Cyprus;2004;7.787;7.65;31.228;1017877.0;21975894016.0;7787102.0;1489.41;2567.622;2202.15;3.071;0.0;10.817188;2.381151423
Cyprus;2005;7.958;7.68;34.993;1036156.0;23006189568.0;7951671.0;1492.137;2835.35;2241.949;3.131;0.0;31.578318;7.556944518
Cyprus;2006;8.186;7.763;34.412;1054425.0;24267407360.0;8183131.0;1577.224;2940.847;2331.685;3.263;0.0;21.65459;4.899441547
Cyprus;2007;8.504;7.928;34.987;1072726.0;25673703424.0;8475067.0;1667.79;3038.352;2463.162;4.001;0.0;11.863201199999999;2.670075726
Cyprus;2008;8.717;7.989;35.855;1091028.0;26913613824.0;8691636.0;1793.151;3173.389;2620.609;5.131;0.0;15.1706818;4.261484648
Cyprus;2009;8.471;7.636;35.004;1109377.0;26682212352.0;8437988.0;1732.284;3063.635;2567.439;5.92;0.0;6.72154;2.671428606
Cyprus;2010;8.102;7.184;34.056;1127825.0;27285555200.0;8071821.0;1693.996;2945.147;2476.303;6.161;0.0;6.49347;1.288461514
Cyprus;2011;7.789;6.794;33.725;1146492.0;27627898880.0;7792363.0;1626.447;2910.183;2403.869;6.245;0.0;1.36678;1.357142903
Cyprus;2012;7.264;6.233;31.605;1165402.0;26675451904.0;7261668.0;1519.766;2735.813;2262.439;7.111;0.0;9.944683;3.50000003
Cyprus;2013;6.584;5.561;28.278;1183899.0;24918237184.0;6578171.0;1386.031;2440.425;1955.962;8.428;0.0;14.136724;4.50000009
Cyprus;2014;6.952;5.785;28.294;1201807.0;24475580416.0;6929789.0;1410.442;2477.117;2003.342;9.144;0.026393213;15.964179999999999;6.100000054000001
Cyprus;2015;6.973;5.718;29.184;1219504.0;25312503808.0;6952477.0;1437.817;2541.862;2054.544;9.903;0.103023112;11.5769;2.071428642
Cyprus;2016;7.375;5.961;31.737;1237116.0;26976335872.0;7349926.0;1513.183;2750.316;2188.57;9.833;0.24377796999999998;0.0;0.0
Cyprus;2017;7.505;5.984;32.596;1254273.0;28523085824.0;7469282.0;1590.235;2826.805;2259.845;10.478;0.514014342;12.57001;0.0
Cyprus;2018;7.323;5.763;32.462;1270743.0;30134013952.0;7324203.0;1634.286;2902.436;2308.403;13.873;0.823207613;0.0;0.0
Cyprus;2019;7.344;5.708;32.493;1286669.0;31800246272.0;7324482.0;1663.13;2903.469;2315.13;13.777;0.0;0.0;0.0
Cyprus;2020;7.015;5.387;28.281;1302250.0;30409793536.0;6903173.0;1568.352;2558.567;2187.784;16.879;0.0;0.0;0.0
Cyprus;2021;7.17;5.443;29.842;1317312.0;32428679168.0;6950782.0;1622.706;2662.036;2251.763;19.069;;;
Cyprus;2022;7.198;5.406;31.674;1331376.0;34255009792.0;7070778.0;1669.537;2859.166;2306.329;19.427;;;
Cyprus;2023;7.174;5.334;32.096;1344979.0;;7188089.0;1682.805;2844.683;2306.258;20.213;;;
Czechia;2004;128.292;12.502;527.825;10261454.0;208725901312.0;128313656.0;28281.397;45985.513;45697.236;6.773;5.0683983;78.435154;15.669904447
Czechia;2005;125.691;12.227;519.632;10280158.0;225302577152.0;125713460.0;28193.215;45534.937;45220.081;7.113;4.476145575;86.37274099999999;24.227381049
Czechia;2006;126.537;12.28;529.455;10304594.0;243991789568.0;126532560.0;28554.29;46566.166;46230.051;7.362;5.538933361;67.591426;21.36676223
Czechia;2007;128.366;12.417;523.705;10337541.0;260673044480.0;128363630.0;28213.743;46466.729;46121.305;7.895;3.7095816200000002;120.383862;43.27078765
Czechia;2008;122.935;11.845;513.619;10378296.0;271709536256.0;122927730.0;27975.204;45610.554;45254.788;8.674;34.35861133;84.58385870000001;33.857497622
Czechia;2009;114.983;11.034;492.811;10420986.0;261919703040.0;114972080.0;26139.963;42841.71;42501.457;9.977;37.708810047;96.808432;41.429997329
Czechia;2010;117.476;11.227;513.649;10464035.0;271231975424.0;117464090.0;27745.867;45465.274;45151.911;10.513;31.370056754;79.396232;32.607843289
Czechia;2011;115.189;10.975;501.976;10495508.0;279082762240.0;115178136.0;25849.158;43616.881;43306.62;10.945;45.977033903;114.9630504;59.215340188
Czechia;2012;111.287;10.591;499.438;10507338.0;276891959296.0;111275540.0;25778.114;43241.461;42947.748;12.814;46.095359697999996;124.531487;92.05833341900001
Czechia;2013;106.722;10.153;490.221;10511164.0;276764852224.0;106710090.0;26475.768;43445.29;43161.919;13.927;41.850758377999995;127.685789;44.73611110899999
Czechia;2014;104.246;9.912;479.937;10517222.0;283025539072.0;104232570.0;25236.72;42011.844;41719.164;15.074;38.302778204;75.155068;35.500000244
Czechia;2015;105.001;9.977;470.716;10524419.0;298276061184.0;104989704.0;25906.999;42051.424;41756.676;15.07;35.814973683;87.782747;33.416666925
Czechia;2016;106.648;10.126;464.374;10531947.0;305844158464.0;106636424.0;25881.45;41659.073;41342.607;14.926;19.197861703;81.94262599999999;29.079545601
Czechia;2017;107.746;10.221;490.582;10541343.0;321652391936.0;107735540.0;27345.69;43462.13;43107.399;14.799;0.0;38.55963;0.0
Czechia;2018;106.336;10.08;489.024;10548935.0;332009897984.0;106322056.0;27163.345;43638.288;43228.743;15.139;0.0;0.0;0.0
Czechia;2019;101.009;9.57;477.905;10554871.0;342069379072.0;100997496.0;27151.005;42933.781;42514.929;16.239;0.0;0.0;0.0
Czechia;2020;91.674;8.689;442.568;10550130.0;323245441024.0;91661460.0;26112.484;40319.049;40205.287;17.303;0.0;0.0;0.0
Czechia;2021;96.645;9.177;466.406;10530683.0;334729445376.0;96629410.0;28249.922;42727.036;42573.974;17.614;;;
Czechia;2022;95.108;8.911;455.731;10673216.0;342966829056.0;95039670.0;27183.08;41848.093;41583.337;18.123;;;
Czechia;2023;85.624;7.921;423.373;10809722.0;;83232250.0;25304.997;38439.58;38098.293;18.555;;;
Denmark;2004;55.093;10.194;241.652;5404594.0;222528946176.0;55100010.0;14862.504;21096.745;19515.58;14.839;46.540083107;225.2752317;55.075636036
Denmark;2005;51.527;9.508;233.617;5419551.0;229074714624.0;51534924.0;14674.401;20593.03;18956.934;15.955;69.976955928;312.170488;77.877671364
Denmark;2006;59.492;10.941;255.481;5437421.0;239411019776.0;59500240.0;14971.891;22246.762;20363.739;16.332;80.692660705;222.2768432;67.806521532
Denmark;2007;54.698;10.015;243.401;5461604.0;242913738752.0;54709350.0;15053.851;21840.775;19890.416;17.747;99.715850753;395.9452145;118.43824271
Denmark;2008;51.246;9.328;234.872;5493766.0;243090604032.0;51256330.0;14598.923;21139.886;19337.792;18.543;85.096147109;647.8071168;164.816371806
Denmark;2009;48.84;8.843;220.807;5523168.0;232507375616.0;48851416.0;14096.974;19949.646;18660.289;19.948;102.200945455;625.0709472;163.768165446
Denmark;2010;49.179;8.865;235.977;5547866.0;238190231552.0;49189692.0;14928.955;21019.868;19521.311;21.888;174.160422821;573.1451702;173.59858405399999
Denmark;2011;44.227;7.939;220.975;5570846.0;242757632000.0;44236864.0;14135.026;19643.441;18114.789;23.389;167.889660707;847.9623668;261.754370865
Denmark;2012;39.853;7.127;205.243;5591912.0;243307495424.0;39861260.0;13827.596;18683.337;17327.781;25.465;149.26989773;715.4375967000001;220.274158324
Denmark;2013;41.755;7.436;211.702;5615334.0;245578366976.0;41763010.0;13691.179;18899.497;17439.277;27.173;159.97164959900002;663.747725;241.744027555
Denmark;2014;37.565;6.656;203.564;5643793.0;249555238912.0;37571384.0;13051.913;18077.437;16439.559;29.31;149.19503497099998;729.443945;238.608099751
Denmark;2015;35.102;6.176;198.975;5683698.0;255401312256.0;35110572.0;13455.633;18030.959;16382.299;30.469;144.084913913;640.052309;253.572312008
Denmark;2016;36.906;6.443;201.601;5728198.0;263691534336.0;36916560.0;13864.1;18415.091;16798.161;31.715;98.786237761;751.2797019999999;311.72123279100003
Denmark;2017;34.652;6.011;202.985;5765168.0;271132213248.0;34664620.0;14119.648;18401.408;16890.714;34.387;81.809028095;276.3031;0.0
Denmark;2018;34.602;5.972;200.118;5793825.0;276526465024.0;34608956.0;14144.166;18490.687;16873.809;35.159;80.29258769;0.0;0.0
Denmark;2019;30.942;5.321;196.046;5814619.0;280656347136.0;30950284.0;13984.303;18103.759;16318.062;37.02;0.0;0.0;0.0
Denmark;2020;28.294;4.852;176.485;5831530.0;275058360320.0;28299676.0;13532.556;16583.171;15693.913;31.681;0.0;0.0;0.0
Denmark;2021;29.588;5.052;189.435;5856773.0;288414400512.0;29603524.0;13961.952;17420.078;16517.043;41.494;;;
Denmark;2022;28.432;4.817;197.278;5902898.0;299429003264.0;29094320.0;13183.793;17025.154;15759.235;41.368;;;
Denmark;2023;27.265;4.584;195.523;5948134.0;;28831184.0;13166.332;16804.105;15415.999;43.728;;;
Estonia;2004;17.322;12.712;64.106;1362682.0;28392968192.0;17322094.0;3040.867;5543.306;5363.128;18.42;0.0;6.960017000000001;2.649999976
Estonia;2005;17.09;12.614;64.464;1354847.0;30566893568.0;17089780.0;3177.948;5613.894;5444.698;17.478;0.0;0.0;2.0
Estonia;2006;16.438;12.205;63.68;1346884.0;33162229760.0;16438181.0;3277.887;5657.882;5397.419;16.011;0.0;0.0;0.0
Estonia;2007;19.93;14.866;73.746;1340709.0;35115520000.0;19930490.0;3705.365;6617.436;6316.504;17.139;0.0;10.412837000000001;5.0857142280000005
Estonia;2008;17.815;13.324;67.856;1337078.0;32659892224.0;17814804.0;3221.668;5841.593;5528.161;18.811;0.0;5.156503;8.230158776
Estonia;2009;14.405;10.794;58.727;1334528.0;27402481664.0;14404987.0;2411.121;4654.493;4398.795;23.009;0.0;4.37928;0.941458538
Estonia;2010;18.965;14.244;73.147;1331450.0;27586969600.0;18964736.0;3137.385;6139.998;5890.755;24.575;0.0;16.632283;4.681019407
Estonia;2011;18.948;14.275;72.963;1327366.0;29217294336.0;18948026.0;2951.098;5952.983;5725.04;25.515;8.237;7.602106;4.0
Estonia;2012;17.761;13.429;73.488;1322616.0;30160490496.0;17761414.0;2674.186;5679.518;5228.464;25.586;2.067;4.960203;1.37500003
Estonia;2013;19.634;14.898;77.463;1317921.0;30600421376.0;19633820.0;3009.947;6294.586;5839.319;25.356;39.357;4.828533999999999;1.285714269
Estonia;2014;18.784;14.29;74.161;1314456.0;31521830912.0;18783952.0;2814.422;5900.275;5538.862;26.13;43.774;15.350141;5.666666747
Estonia;2015;15.78;12.004;68.626;1314581.0;32106016768.0;15779627.0;2451.773;5135.77;4800.803;28.987;39.207;2.723099;1.99999994
Estonia;2016;17.433;13.248;70.763;1315850.0;33119084544.0;17432910.0;3341.331;6292.83;5978.413;29.232;56.446999999999996;13.308359;7.000000045
Estonia;2017;18.616;14.131;78.484;1317432.0;35037376512.0;18616038.0;3053.725;6234.383;5853.264;29.538;21.798;6.967284;0.0
Estonia;2018;17.801;13.465;77.879;1321971.0;36363239424.0;17800688.0;2963.18;6024.017;5648.229;29.97;0.0;0.0;0.0
Estonia;2019;12.288;9.261;62.761;1326821.0;37723176960.0;12288094.0;2965.079;5100.247;4848.194;31.73;0.0;0.0;0.0
Estonia;2020;9.198;6.918;58.733;1329674.0;37515272192.0;9198245.0;2955.812;4790.147;4472.653;30.069;0.0;0.0;0.0
Estonia;2021;10.391;7.802;61.401;1331750.0;40521482240.0;10390915.0;2949.449;4909.527;4564.345;37.342;;;
Estonia;2022;11.757;8.708;63.392;1350092.0;39999856640.0;11966227.0;2860.786;5163.309;4796.355;38.542;;;
Estonia;2023;10.019;7.328;55.513;1367194.0;;8744257.0;2625.71;4489.635;4206.437;40.95;;;
Finland;2004;68.946;13.187;393.254;5228144.0;187633926144.0;68946000.0;26375.823;38252.556;37314.381;29.232;79.989;156.243743;57.943617094000004
Finland;2005;57.064;10.877;357.548;5246083.0;192990740480.0;57064000.0;25264.459;35353.875;34422.467;28.814;78.783;285.2021168;84.36661279399999
Finland;2006;68.373;12.983;383.512;5266247.0;200966848512.0;68374000.0;26421.187;38507.733;37477.258;30.043;100.949;266.183874;73.429305323
Finland;2007;66.764;12.624;382.192;5288716.0;211541393408.0;66764000.0;26377.103;37877.456;36876.126;29.561;142.838;318.6219162;79.337025225
Finland;2008;58.625;11.033;368.496;5313381.0;213226094592.0;58625000.0;25729.553;36375.058;35387.592;31.071;168.798;347.88436420000005;81.233267283
Finland;2009;55.92;10.474;341.288;5338855.0;195739123712.0;55921000.0;24009.283;33864.827;33102.44;31.045;233.46;307.0018905;81.06413269100001
Finland;2010;64.092;11.95;371.291;5363347.0;201746022400.0;64092004.0;26307.0;37003.181;36250.333;32.166;268.952;480.3222559;120.794032837
Finland;2011;56.647;10.513;349.923;5388236.0;207084306432.0;56646000.0;25468.471;35635.262;34795.937;32.532;254.673;431.5787236;125.788826758
Finland;2012;51.155;9.449;340.459;5413978.0;204190203904.0;51154000.0;25150.448;34295.005;33555.392;34.222;232.613;507.5220842;177.853722588
Finland;2013;51.719;9.509;341.801;5439058.0;202349019136.0;51719000.0;24100.857;33751.786;32985.287;36.63;233.645;486.05814039999996;183.656531577
Finland;2014;47.622;8.719;329.823;5461686.0;201610625024.0;47622000.0;25167.909;34444.261;33720.799;38.633;217.709;520.1252482;188.54673748300002
Finland;2015;44.192;8.065;328.893;5479718.0;202706714624.0;44192000.0;24057.468;32958.648;32022.519;39.23;238.91;457.238342;141.339683489
Finland;2016;47.251;8.598;334.083;5495469.0;208405725184.0;47252000.0;25141.874;34150.102;33221.313;38.943;165.34;435.369731;139.317399766
Finland;2017;44.657;8.107;327.216;5508399.0;215058874368.0;44657000.0;25965.142;34609.346;33574.369;40.857;182.787;167.684528;0.0
Finland;2018;45.734;8.292;333.841;5515732.0;217509953536.0;45736000.0;26357.591;35236.082;34131.262;41.185;0.0;0.0;0.0
Finland;2019;42.442;7.686;326.982;5521755.0;220173893632.0;42444000.0;25716.038;34545.342;33369.792;42.807;0.0;0.0;0.0
Finland;2020;37.7;6.818;313.95;5529617.0;214988898304.0;37720000.0;24703.93;32433.176;31840.931;43.939;0.0;0.0;0.0
Finland;2021;37.798;6.821;320.64;5541068.0;221538484224.0;37820000.0;25696.834;33987.064;33429.335;42.819;;;
Finland;2022;36.367;6.53;320.73;5569299.0;226154840064.0;36337000.0;24284.424;32831.37;31962.514;47.74;;;
Finland;2023;31.622;5.646;332.156;5601185.0;;31799000.0;23947.811;33424.34;32511.136;50.784;;;
France;2004;413.379;6.757;3180.13;61175243.0;2196883505152.0;414073000.0;168408.388;278630.197;270464.293;9.319;842.345;772.3855363;294.547937244
France;2005;415.795;6.747;3154.079;61625030.0;2238790500352.0;416342900.0;166938.583;279715.492;271724.384;9.272;863.779;870.5816003;323.015742533
France;2006;406.157;6.546;3128.931;62049831.0;2297018187776.0;406669020.0;164416.625;275800.862;267466.791;8.936;879.0219999999999;957.4116235;345.92748183
France;2007;396.01;6.343;3075.79;62432438.0;2354672041984.0;396461200.0;161699.616;273383.172;264774.813;9.426;943.027;1408.5585962;439.94772198000004
France;2008;389.094;6.198;3084.845;62780187.0;2362451689472.0;389794300.0;163470.262;274567.207;266265.985;11.188;1038.411;1545.3580815;538.0683903199999
France;2009;370.876;5.877;2908.91;63106461.0;2295353049088.0;371404200.0;157302.049;263931.347;256163.96;12.215;1146.3229999999999;1998.1087711;654.32422966
France;2010;376.457;5.936;3001.231;63417366.0;2342490472448.0;377079400.0;161508.816;272001.499;264200.164;12.671;1116.094;2105.1606763;760.6981667700001
France;2011;354.375;5.56;2897.027;63733777.0;2393401982976.0;355126820.0;155629.417;267396.828;257133.351;10.813;1248.644;2393.4836076;904.711981
France;2012;356.439;5.564;2894.028;64058465.0;2400896417792.0;358100260.0;159713.51;267546.563;257696.274;13.239;1258.201;2222.2830024;1059.45148211
France;2013;358.703;5.571;2924.146;64387736.0;2414733688832.0;360013340.0;162213.079;268737.617;259317.319;13.88;1269.203;2263.5932843;1037.31312665
France;2014;326.842;5.052;2796.844;64692495.0;2437822808064.0;327808770.0;152411.043;257913.243;249072.501;14.362;1223.377;1865.1272613;938.39775243
France;2015;331.49;5.106;2822.273;64916336.0;2464953663488.0;332131000.0;156385.717;262125.908;253629.951;14.803;1204.8980000000001;1682.2592125;880.37513007
France;2016;334.2;5.135;2765.453;65086852.0;2491956330496.0;335496400.0;157546.566;257623.466;249300.843;15.451;1112.482;1561.6926944;739.41910394
France;2017;337.101;5.164;2754.919;65284775.0;2549057585152.0;338368030.0;157250.356;257864.628;249301.178;15.847;1123.64;497.504863;0.0
France;2018;321.94;4.914;2788.956;65519539.0;2596599234560.0;323101730.0;154500.695;256876.492;247714.242;16.384;1168.961;0.0;0.0
France;2019;315.015;4.793;2729.562;65729460.0;2644453883904.0;316320800.0;154078.898;253608.393;244377.363;17.174;0.0;0.0;0.0
France;2020;280.49;4.256;2441.166;65905273.0;2438594035712.0;281515500.0;141402.039;224834.266;221358.822;19.109;0.0;0.0;0.0
France;2021;305.607;4.625;2593.625;66083547.0;2604822691840.0;307271840.0;152610.769;243539.944;239728.259;19.391;;;
France;2022;293.502;4.428;2298.56;66277412.0;2671568748544.0;295303800.0;143038.466;221485.772;215445.191;20.33;;;
France;2023;272.476;4.101;2406.633;66438828.0;;270262660.0;140450.994;225612.377;219086.619;22.462;;;
Germany;2004;876.57;10.678;4009.893;82092706.0;2894624980992.0;876569860.0;236848.3;350455.498;340909.624;6.207;369.614;3341.5411203;1113.4766367
Germany;2005;867.881;10.578;3962.635;82046731.0;2945460994048.0;867880500.0;235941.059;348965.483;339031.16;7.167;391.796;4120.5463197;1223.6632243699999
Germany;2006;886.434;10.85;4062.387;81701971.0;3086359199744.0;886434300.0;243618.27;359623.625;349207.463;8.466;395.68;4746.8316815;1389.240368984
Germany;2007;846.116;10.408;3893.423;81298546.0;3220275724288.0;846152960.0;227141.243;342528.52;331311.589;10.039;414.414;6149.6705488;1773.8165340159999
Germany;2008;856.607;10.561;3934.666;81110781.0;3289020366848.0;856642500.0;233613.955;346715.338;335474.274;10.072;477.244;6733.3156957;2028.23130498
Germany;2009;789.951;9.76;3692.178;80935275.0;3136502104064.0;789983940.0;220558.997;324246.861;313472.064;10.851;596.977;7990.795292;2327.6778063379998
Germany;2010;826.68;10.227;3847.151;80830917.0;3301123031040.0;826704700.0;233131.667;341023.672;330303.551;11.667;618.5360000000001;9385.2590422;2790.77841465
Germany;2011;804.514;9.95;3710.584;80857877.0;3467712921600.0;804541600.0;222082.948;323483.343;313107.906;12.47;685.861;9402.4017591;3212.18597905
Germany;2012;814.09;10.061;3761.916;80916393.0;3482225475584.0;814093000.0;222452.55;326147.321;315440.699;13.549;705.655;10144.1685089;3603.78649877
Germany;2013;831.743;10.263;3868.517;81041580.0;3497463119872.0;831745540.0;230353.675;333067.586;322440.619;13.757;808.461;8388.4838101;3223.65995485
Germany;2014;792.579;9.74;3710.465;81376078.0;3574741336064.0;792583600.0;218966.961;318861.268;308553.144;14.381;799.057;8752.3006023;3265.32537362
Germany;2015;800.844;9.757;3780.86;82077546.0;3628073746432.0;800822500.0;220828.704;320515.397;310082.463;14.901;839.7660000000001;7943.6887709;2935.906047703
Germany;2016;798.014;9.642;3841.451;82760100.0;3708980035584.0;797988300.0;223485.083;322845.741;311411.038;14.885;853.432;7745.3846330999995;2928.05996963
Germany;2017;784.594;9.441;3888.133;83104012.0;3808389496832.0;784595140.0;228672.699;324280.628;312465.059;15.472;986.148;2411.702769;0.0
Germany;2018;760.046;9.117;3787.682;83368506.0;3845758648320.0;758771400.0;224061.003;316559.599;305036.733;16.66;1051.473;0.0;0.0
Germany;2019;709.827;8.495;3694.84;83559185.0;3886392803328.0;708648960.0;225460.935;309512.936;298401.223;17.266;0.0;0.0;0.0
Germany;2020;648.357;7.753;3443.882;83628711.0;3742720851968.0;647176800.0;214491.428;286209.057;280330.894;19.09;0.0;0.0;0.0
Germany;2021;678.777;8.11;3544.581;83697082.0;3841041629184.0;677997700.0;219128.561;297750.868;290326.95;19.302;;;
Germany;2022;671.472;7.986;3413.0;84086228.0;3909612732416.0;667843000.0;208137.084;283727.807;273308.943;20.829;;;
Germany;2023;596.151;7.051;3169.55;84548234.0;;593766000.0;193874.882;256593.485;245962.298;21.512;;;
Greece;2004;109.485;10.001;398.232;10947370.0;278667919360.0;109484850.0;20524.418;33797.345;29727.311;7.161;0.0;5.1495999999999995;1.333333343
Greece;2005;113.889;10.371;399.606;10981340.0;282859765760.0;113888810.0;20824.358;33928.403;30261.71;7.277;12.71;8.71943;4.188131348
Greece;2006;112.42;10.205;411.306;11016108.0;301538672640.0;112419370.0;20988.994;34285.36;30231.997;7.458;13.1;12.726140000000001;4.84640526
Greece;2007;114.546;10.37;419.35;11045737.0;314210123776.0;114545450.0;20243.69;34383.378;30178.181;8.249;0.0;11.869158;3.675213658
Greece;2008;111.08;10.028;411.585;11076873.0;315974320128.0;111080040.0;20976.315;34508.863;30404.91;8.183;0.0;1.7670810000000001;1.242063504
Greece;2009;104.32;9.391;396.398;11108069.0;305101340672.0;104319480.0;20377.681;32937.772;29486.955;8.731;0.0;4.6752720000000005;3.361111124
Greece;2010;97.354;8.751;378.437;11124665.0;290984361984.0;97354140.0;19164.179;31056.521;27664.517;10.077;7.3229999999999995;4.715426;2.261904746
Greece;2011;94.505;8.507;371.285;11108841.0;266793943040.0;94505224.0;18270.382;30289.59;26797.816;11.153;5.631;5.557494;7.34102565
Greece;2012;91.393;8.272;349.302;11048294.0;247887020032.0;91392590.0;17799.957;29510.778;26603.895;13.741;0.0;4.8911180000000005;4.189393975
Greece;2013;81.713;7.45;328.303;10967535.0;241650188288.0;81713256.0;15090.354;26189.423;23395.055;15.326;0.0;12.520996;5.750000074
Greece;2014;78.636;7.219;307.91;10893169.0;242799804416.0;78635700.0;15694.015;25859.138;23216.752;15.683;0.0;6.664637;2.666666694
Greece;2015;74.927;6.924;311.723;10820901.0;242323734528.0;74926664.0;16546.162;25871.415;23264.675;15.69;0.0;1.93995;2.577922062
Greece;2016;71.36;6.622;306.993;10775506.0;241143087104.0;71359610.0;16871.347;25374.145;22775.802;15.39;0.0;2.8902379999999996;7.9833333799999995
Greece;2017;74.842;6.96;322.197;10753532.0;243776815104.0;74841750.0;16676.14;26528.764;23407.972;17.3;0.0;5.34898;0.0
Greece;2018;71.778;6.689;324.066;10730845.0;247844012032.0;71778090.0;15797.251;26023.087;22748.616;18.001;0.0;0.0;0.0
Greece;2019;65.736;6.133;316.887;10718580.0;252514238464.0;65736330.0;16403.85;26072.447;22423.526;19.633;0.0;0.0;0.0
Greece;2020;55.558;5.193;276.956;10699370.0;229777833984.0;55576930.0;14545.707;22075.359;20093.116;21.749;0.0;0.0;0.0
Greece;2021;57.519;5.437;302.536;10579561.0;249158205440.0;57527910.0;14990.137;23321.333;20814.067;22.001;;;
Greece;2022;58.08;5.578;314.337;10412481.0;263892680704.0;57609050.0;15624.45;23802.23;20691.7;22.671;;;
Greece;2023;55.196;5.389;305.181;10242909.0;;51988224.0;15206.388;23004.552;19780.147;25.269;;;
Hungary;2004;59.985;5.947;288.927;10085789.0;171925389312.0;59984924.0;18678.865;26435.83;26210.192;4.364;2.6035265690000005;23.222543;8.341586931
Hungary;2005;60.142;5.975;308.077;10065704.0;183107043328.0;60142084.0;20331.577;28510.279;28249.702;6.931;28.839449416;6.0171544;4.440914169
Hungary;2006;59.529;5.923;302.061;10049947.0;194033319936.0;59528564.0;20069.291;28200.837;27936.004;7.433;36.683890016;43.696372;9.875000037
Hungary;2007;58.449;5.825;298.086;10034084.0;198872154112.0;58448584.0;19106.805;27596.784;27354.021;8.575;49.309614366999995;25.162983;7.2799150059999995
Hungary;2008;57.184;5.709;293.896;10016655.0;204720373760.0;57184428.0;18897.916;27170.55;26900.702;8.564;73.41982549100001;23.119861999999998;6.6304347329999995
Hungary;2009;51.457;5.145;272.688;10001382.0;195180904448.0;51457530.0;18425.595;25840.354;25609.629;11.673;73.628634341;13.7466826;5.497181933
Hungary;2010;51.993;5.21;277.827;9979129.0;200496578560.0;51992716.0;18860.883;26592.419;26362.697;12.742;76.657303251;33.8519135;10.589091262
Hungary;2011;50.156;5.042;269.464;9946675.0;208407609344.0;50156010.0;18600.261;26062.623;25829.901;13.972;80.441571761;24.830616;8.350405240999999
Hungary;2012;46.72;4.711;251.116;9916620.0;205802045440.0;46720180.0;17784.801;24771.026;24604.502;15.53;79.06518910300001;27.371217;11.961904809
Hungary;2013;43.487;4.397;238.041;9889344.0;209511661568.0;43486532.0;17552.449;23919.922;23757.412;16.205;8.954463437000001;41.358064999999996;15.908333421
Hungary;2014;43.639;4.425;238.269;9862843.0;218378633216.0;43638876.0;17277.269;23823.234;23652.512;14.618;6.585903258;25.38912;8.590476248
Hungary;2015;46.567;4.733;251.04;9839210.0;226474622976.0;46566910.0;18537.076;25203.244;25028.528;14.495;9.172019683;17.542709000000002;6.190476246
Hungary;2016;47.039;4.795;255.495;9810530.0;231459340288.0;47039120.0;18899.277;25519.653;25327.38;14.377;26.254878676;25.72779;9.535353594
Hungary;2017;49.424;5.051;269.293;9785606.0;241347215360.0;49423524.0;19790.711;26656.45;26432.948;13.556;64.435392029;0.0;0.0
Hungary;2018;49.376;5.052;271.203;9774395.0;254289117184.0;49366230.0;19858.403;26704.565;26428.293;12.548;12.577519596999998;0.0;0.0
Hungary;2019;49.166;5.032;274.892;9770346.0;266658316288.0;49158950.0;19941.603;26705.486;26426.11;12.634;0.0;0.0;0.0
Hungary;2020;47.107;4.832;270.327;9749460.0;254563876864.0;47105320.0;19682.796;26139.518;26038.115;13.85;0.0;0.0;0.0
Hungary;2021;48.331;4.979;283.958;9707848.0;272892477440.0;48326284.0;21175.297;27375.503;27252.37;14.134;;;
Hungary;2022;44.843;4.63;267.017;9684306.0;285385228288.0;45267340.0;19723.758;25780.217;25521.535;15.128;;;
Hungary;2023;40.19;4.149;252.933;9686463.0;;40343864.0;18633.751;24297.266;23998.402;17.117;;;
Ireland;2004;46.167;11.354;180.362;4066064.0;191402770432.0;46166736.0;10977.68;15242.008;14383.556;2.378;9.972999999999999;23.257192;8.649259087
Ireland;2005;48.153;11.588;188.174;4155282.0;204898238464.0;48152990.0;11153.209;15575.351;14654.501;2.822;12.774;43.823653;13.970166081999999
Ireland;2006;47.597;11.15;194.294;4268774.0;219163000832.0;47597384.0;11482.003;15682.284;14720.521;3.073;28.393;62.8214404;16.790579387
Ireland;2007;47.657;10.847;197.324;4393518.0;230371639296.0;47658190.0;11768.393;16226.961;15119.957;3.497;43.661;63.1696156;19.578517661
Ireland;2008;47.359;10.557;196.379;4485992.0;223067111424.0;47361076.0;11833.268;16029.083;15026.094;3.979;59.943;104.6560401;30.655443907
Ireland;2009;42.191;9.306;176.612;4533750.0;215181066240.0;42177070.0;11662.459;15293.312;14627.307;5.243;56.667;97.86342909999999;30.058006126
Ireland;2010;41.792;9.167;178.3;4559083.0;221852450816.0;41790900.0;11285.893;15206.161;14326.937;5.755;39.835;109.9934466;30.653751925999998
Ireland;2011;38.054;8.309;170.262;4579604.0;224397459456.0;38054388.0;10504.931;13989.145;13187.624;6.605;20.781;71.7049543;21.242677471
Ireland;2012;38.224;8.309;167.469;4600137.0;217871564800.0;38223920.0;10610.554;14154.642;13445.788;7.029;35.572;111.2145797;37.795238123
Ireland;2013;37.279;8.061;164.997;4624687.0;222738956288.0;37278704.0;10048.631;13451.69;12664.304;7.521;28.419999999999998;68.35097999999999;30.843717233
Ireland;2014;36.85;7.911;164.553;4658237.0;236178358272.0;36849876.0;10120.548;13539.155;12663.532;8.516;29.400000000000002;98.5640266;31.379762143
Ireland;2015;38.716;8.233;173.913;4702497.0;249955909632.0;38715396.0;10769.585;14327.452;13329.24;9.083;60.276;101.91244420000001;39.615476498
Ireland;2016;40.367;8.492;181.638;4753505.0;255118278656.0;40369024.0;11305.29;15114.925;14089.163;9.189;17.963;59.503944;24.754166804
Ireland;2017;39.076;8.123;182.403;4810258.0;266528538624.0;39040450.0;11188.17;14990.906;13819.009;10.52;19.655;23.464347;0.0
Ireland;2018;39.009;8.006;186.474;4872557.0;282500464640.0;38922364.0;11362.327;15074.303;13803.627;10.942;19.219;0.0;0.0
Ireland;2019;37.323;7.565;187.359;4933491.0;294503710720.0;37199836.0;11564.112;15118.703;13866.056;11.979;0.0;0.0;0.0
Ireland;2020;35.124;7.049;176.077;4982604.0;274762350592.0;35052570.0;11137.204;13942.638;13393.551;16.16;0.0;0.0;0.0
Ireland;2021;37.544;7.466;179.446;5028430.0;287639633920.0;37473684.0;11348.655;14445.482;13832.252;12.945;;;
Ireland;2022;36.711;7.184;185.967;5110013.0;308390920192.0;36675670.0;11192.323;14790.301;13647.821;13.017;;;
Ireland;2023;34.433;6.626;180.767;5196629.0;;33567940.0;11227.478;14521.687;13254.67;15.243;;;
Italy;2004;500.686;8.606;2197.52;58176735.0;1994293772288.0;500687230.0;135176.218;188158.467;183094.384;6.316;285.0;322.57484089999997;101.947242082
Italy;2005;501.364;8.567;2200.25;58519697.0;2029243465728.0;501365470.0;139591.535;191686.53;186448.148;7.549;258.0;328.2085021;100.007505415
Italy;2006;495.937;8.441;2190.067;58754433.0;2086553649152.0;496074620.0;136836.71;190285.894;184744.669;8.328;362.8;417.894767;122.82357895
Italy;2007;489.653;8.284;2148.299;59108723.0;2134371860480.0;489793630.0;136553.031;190011.376;184195.636;9.807;354.5;637.6740804;156.100663248
Italy;2008;478.126;8.027;2111.905;59561686.0;2129113251840.0;478131970.0;136883.601;187549.222;181736.195;11.492;379.0;663.3591929;196.353290037
Italy;2009;424.061;7.079;1971.705;59904016.0;2029023002624.0;424032030.0;130821.747;174923.555;169574.949;12.775;350.0;1042.169225;307.464514306
Italy;2010;435.71;7.242;2036.733;60164212.0;2080545964032.0;435672030.0;131727.701;179819.191;173677.121;13.023;372.873;1029.6285046;294.133088133
Italy;2011;423.894;7.022;1997.912;60367882.0;2110883364864.0;423897120.0;125611.847;173688.362;167942.217;12.881;444.48699999999997;858.766741;269.456951568
Italy;2012;403.441;6.665;1943.877;60531522.0;2047959891968.0;403443520.0;121870.07;166908.125;161340.359;15.441;483.039;867.1888995;301.483430209
Italy;2013;369.475;6.092;1858.6;60653865.0;2010255327232.0;369460540.0;120699.527;160570.376;155390.152;16.741;513.198;681.2880835;247.730727127
Italy;2014;349.4;5.76;1762.32;60664169.0;2010164101120.0;349388960.0;113957.89;151758.638;146769.878;17.082;542.416;637.5899323;206.325386749
Italy;2015;361.254;5.964;1814.766;60575314.0;2025809510400.0;361243700.0;117628.883;157629.547;152563.263;17.525;466.509;657.0684989;237.265701239
Italy;2016;358.144;5.922;1821.932;60478103.0;2052012376064.0;358133150.0;116754.218;156490.332;150981.786;17.415;346.831;537.251813;199.94206494
Italy;2017;352.679;5.84;1843.121;60390317.0;2086237110272.0;352666240.0;121173.803;161815.269;156093.486;18.267;353.141;193.880093;0.0
Italy;2018;349.062;5.791;1853.64;60277496.0;2105551749120.0;349048350.0;119828.284;159710.888;153154.765;17.796;370.102;0.0;0.0
Italy;2019;339.634;5.648;1819.556;60130136.0;2115725819904.0;339637950.0;118662.685;158086.438;151464.153;18.181;0.0;0.0;0.0
Italy;2020;302.602;5.051;1651.962;59912763.0;1925752029184.0;302600100.0;109277.762;144034.889;140100.485;20.359;0.0;0.0;0.0
Italy;2021;335.978;5.625;1768.617;59729354.0;2060299927552.0;335930430.0;120207.555;156437.076;152286.809;18.888;;;
Italy;2022;340.672;5.714;1718.251;59619106.0;2136009342976.0;340114720.0;111401.46;149914.656;144604.153;18.826;;;
Italy;2023;313.461;5.268;1651.434;59499452.0;;312290660.0;108976.101;143391.283;137518.695;19.179;;;
Latvia;2004;7.731;3.415;45.556;2264178.0;34720423936.0;7731198.0;3918.949;4688.849;4438.166;32.794;0.0;1.6619041;0.5185185160000001
Latvia;2005;7.811;3.487;46.958;2239787.0;38143684608.0;7810764.0;4049.356;4849.113;4530.219;32.264;0.0;0.8479479999999999;1.340909094
Latvia;2006;8.31;3.745;44.543;2219038.0;42361249792.0;8310115.0;4247.082;4961.881;4698.953;31.141;0.0;6.1909381;4.782258085
Latvia;2007;8.637;3.925;45.926;2200772.0;46228819968.0;8637233.0;4387.911;5063.961;4805.279;29.615;0.0;18.542533;9.433333368
Latvia;2008;8.198;3.765;46.243;2177711.0;44217430016.0;8198058.0;4175.344;4899.481;4596.796;29.811;0.0;9.1105431;7.169642877
Latvia;2009;7.456;3.481;43.821;2142043.0;37590728704.0;7456196.0;4011.172;4783.122;4407.645;34.317;0.0;15.5922854;7.1541667030000005
Latvia;2010;8.555;4.078;49.67;2097834.0;35881177088.0;8554521.0;4055.215;4880.809;4511.793;30.375;0.0;4.659667;6.467720698
Latvia;2011;7.811;3.792;44.336;2059940.0;37869723648.0;7808430.0;3827.173;4591.894;4259.457;33.478;0.0;0.0;8.0
Latvia;2012;7.52;3.696;45.963;2034639.0;40536567808.0;7519718.0;3993.707;4778.279;4419.055;35.709;0.0;5.981777;6.064285759
Latvia;2013;7.369;3.661;44.237;2013004.0;41350512640.0;7368746.0;3838.375;4706.174;4343.138;37.037;0.0;9.096875;18.942982509
Latvia;2014;7.172;3.597;40.747;1994153.0;42137026560.0;7172200.0;3878.454;4684.209;4342.844;38.629;0.0;9.35937;4.333333343
Latvia;2015;7.262;3.672;41.746;1977874.0;43774189568.0;7262421.0;3785.857;4634.173;4272.07;37.538;0.0;9.725737;7.585714302
Latvia;2016;7.211;3.679;44.499;1959864.0;44811001856.0;7210682.0;3784.047;4706.689;4269.072;37.138;0.0;1.710355;6.025000021
Latvia;2017;7.215;3.714;48.978;1942599.0;46295494656.0;7215320.0;3949.299;4811.008;4410.875;39.008;0.0;8.98494;0.0
Latvia;2018;7.857;4.076;43.564;1927586.0;48143396864.0;7843189.0;4106.644;4831.214;4639.662;40.019;0.0;0.0;0.0
Latvia;2019;7.648;3.996;44.837;1914267.0;49380618240.0;7633452.0;3967.456;4939.873;4490.407;40.929;0.0;0.0;0.0
Latvia;2020;6.998;3.681;40.858;1901119.0;48292864000.0;6999268.0;3874.179;4567.89;4302.708;42.132;0.0;0.0;0.0
Latvia;2021;7.238;3.839;42.625;1885592.0;50255495168.0;7218349.0;4066.624;4787.57;4502.005;42.112;;;
Latvia;2022;6.62;3.519;38.475;1881058.0;51248480256.0;6607997.0;3878.127;4480.883;4264.782;43.786;;;
Latvia;2023;6.513;3.46;40.233;1882400.0;;6589883.0;3857.407;4421.707;4251.344;43.25;;;
Lithuania;2004;13.29;3.936;103.367;3376703.0;49123581952.0;13254143.0;5075.145;9607.706;9461.308;17.221;0.0;0.0;0.0
Lithuania;2005;13.901;4.184;94.338;3322264.0;52913078272.0;13862545.0;5344.831;9124.422;8936.415;16.768;0.0;12.844180000000001;2.375
Lithuania;2006;14.234;4.353;89.705;3269809.0;56827408384.0;14195265.0;5642.674;9009.051;8819.829;16.887;0.0;3.97952;1.0
Lithuania;2007;15.519;4.802;99.092;3231378.0;63122231296.0;15473504.0;6366.457;9721.582;9537.869;16.482;0.0;0.0;0.0
Lithuania;2008;14.958;4.677;97.826;3198483.0;64776245248.0;14918791.0;6180.768;9718.814;9553.497;17.824;0.0;1.92331;1.666666687
Lithuania;2009;12.861;4.066;90.027;3163258.0;55174533120.0;12829125.0;5278.816;8968.408;8806.792;19.798;0.0;0.455064;1.1111111120000001
Lithuania;2010;13.834;4.466;66.198;3097719.0;56073777152.0;13801892.0;5419.572;7220.745;7033.141;19.639;0.0;1.655806;0.5
Lithuania;2011;13.991;4.62;68.697;3028642.0;59460370432.0;13959649.0;5880.229;7486.453;7290.526;19.943;1.657344;2.94644;1.0
Lithuania;2012;14.084;4.713;68.632;2988334.0;61745950720.0;14054137.0;5998.061;7538.807;7355.708;21.437;3.97072;3.78109;2.000000029
Lithuania;2013;13.18;4.455;63.416;2958359.0;63937847296.0;13148174.0;5661.274;7103.124;6946.511;22.689;2.624128;12.02474;8.000000029999999
Lithuania;2014;12.885;4.393;61.205;2933172.0;66199371776.0;12845803.0;5807.831;7071.11;6982.737;23.592;2.313376;11.253581;5.000000035999999
Lithuania;2015;13.088;4.504;64.112;2905772.0;67539656704.0;13045220.0;5895.52;7260.107;7102.764;25.748;0.0;2.78673;2.5000000599999996
Lithuania;2016;13.156;4.585;65.726;2869108.0;69240913920.0;13101518.0;6047.724;7518.281;7260.136;25.612;0.0;1.230705;1.833333343
Lithuania;2017;13.32;4.708;69.15;2829318.0;72206131200.0;13277398.0;6434.108;7868.512;7587.93;26.038;0.0;0.0;0.0
Lithuania;2018;13.47;4.807;70.969;2802484.0;75089600512.0;13414424.0;6596.097;8034.248;7707.013;24.695;0.0;0.0;0.0
Lithuania;2019;13.707;4.904;70.597;2795057.0;78562639872.0;13647340.0;6645.976;7996.646;7678.847;25.474;0.0;0.0;0.0
Lithuania;2020;13.563;4.851;70.294;2795766.0;78545272832.0;13499604.0;6429.75;7814.577;7578.481;26.773;0.0;0.0;0.0
Lithuania;2021;13.851;4.957;70.149;2794489.0;83242844160.0;13778095.0;6680.085;8136.44;7886.226;28.167;;;
Lithuania;2022;12.857;4.564;65.066;2816922.0;84814258176.0;12895064.0;6015.464;7286.529;7030.581;29.599;;;
Lithuania;2023;12.462;4.366;66.322;2854105.0;;12507402.0;5995.682;7320.3;7091.64;31.927;;;
Luxembourg;2004;11.819;25.789;51.78;458307.0;24195538944.0;11815994.0;4009.107;4705.974;4279.788;0.899;0.0;28.969852;11.580794476
Luxembourg;2005;12.077;25.951;52.553;465372.0;24872865792.0;12075892.0;4095.811;4802.008;4368.979;1.402;0.0;20.043083;7.53805586
Luxembourg;2006;11.909;25.184;51.627;472871.0;26045644800.0;11905623.0;4032.707;4724.399;4319.15;1.469;0.0;46.986992300000004;13.37891718
Luxembourg;2007;11.305;23.538;50.126;480277.0;28135948288.0;11302203.0;3931.928;4634.501;4198.901;2.725;0.0;16.7975238;4.6588334410000005
Luxembourg;2008;11.169;22.841;49.761;488995.0;27660466176.0;11166763.0;3968.429;4638.561;4200.08;2.809;0.0;33.6719423;10.462353332
Luxembourg;2009;10.625;21.327;47.593;498195.0;26344603648.0;10619787.0;3686.988;4368.588;3948.403;2.929;0.0;99.229938;25.88539181
Luxembourg;2010;11.195;22.062;50.116;507418.0;27526699008.0;11190507.0;3927.551;4644.06;4212.94;2.851;0.0;58.8909899;18.015594385
Luxembourg;2011;11.097;21.399;48.821;518583.0;28143126528.0;11089509.0;3925.91;4569.659;4166.321;2.855;24.64;147.0885658;47.062339129
Luxembourg;2012;10.866;20.466;47.953;530952.0;28607410176.0;10857971.0;3837.954;4460.701;4088.563;3.112;71.436;69.022155;24.912086753
Luxembourg;2013;10.334;19.018;45.692;543359.0;29514811392.0;10323408.0;3788.533;4340.079;3966.254;3.494;0.0;61.25723;22.179004684000002
Luxembourg;2014;9.816;17.646;44.274;556285.0;30289014784.0;9806854.0;3631.791;4222.015;3816.042;4.471;0.0;67.9097427;27.075600583
Luxembourg;2015;9.345;16.408;43.034;569541.0;30976491520.0;9333977.0;3566.742;4178.238;3720.585;4.987;0.0;49.631426000000005;22.816666843
Luxembourg;2016;9.09;15.579;42.459;583511.0;32518553600.0;9077205.0;3568.444;4190.508;3682.673;5.364;0.0;44.956357;12.440476425
Luxembourg;2017;9.263;15.529;44.355;596505.0;32946911232.0;9251006.0;3641.419;4330.389;3756.18;6.194;0.0;10.57464;0.0
Luxembourg;2018;9.567;15.733;46.431;608108.0;33348603904.0;9556162.0;3776.528;4504.739;3890.742;8.942;0.0;0.0;0.0
Luxembourg;2019;9.762;15.741;47.288;620166.0;34122293248.0;9749969.0;3831.007;4545.653;3945.022;7.046;0.0;0.0;0.0
Luxembourg;2020;8.075;12.805;40.541;630597.0;33850189824.0;8069083.0;3297.64;3967.525;3420.874;11.699;0.0;0.0;0.0
Luxembourg;2021;8.421;13.151;43.215;640276.0;35577397248.0;8409505.0;3470.22;4221.718;3598.085;11.713;;;
Luxembourg;2022;7.277;11.138;38.764;653316.0;36128358400.0;7274379.0;3052.299;3818.771;3171.438;14.286;;;
Luxembourg;2023;6.993;10.514;37.546;665101.0;;6840733.0;2959.247;3656.784;3059.045;14.312;;;
Malta;2004;2.849;6.935;24.279;410800.0;8512522752.0;2849102.0;350.451;1922.748;837.525;0.102;0.0;0.0;0.0
Malta;2005;2.65;6.411;20.713;413323.0;8839848960.0;2649810.0;395.94;1594.139;847.315;0.123;0.039593873;0.0;0.0
Malta;2006;2.655;6.391;21.168;415463.0;9004655616.0;2655351.0;389.4;1689.61;847.678;0.149;0.006994127;9.574942;1.903267946
Malta;2007;2.728;6.538;23.06;417201.0;9368888320.0;2727800.0;396.47;1800.846;865.214;0.177;0.0;3.989255;1.125
Malta;2008;2.721;6.495;23.882;418969.0;9685986304.0;2721287.0;422.676;1888.597;879.712;0.195;0.063250659;6.41026;1.5
Malta;2009;2.561;6.085;25.45;420800.0;9450778624.0;2560864.0;372.055;2027.133;804.027;0.221;0.098685318;9.27582;1.611904719
Malta;2010;2.619;6.197;30.381;422652.0;9788869632.0;2619259.0;415.2;2387.785;836.672;0.979;0.122431704;9.166943;2.006313134
Malta;2011;2.608;6.142;28.884;424634.0;9930574848.0;2608196.0;399.282;2270.848;831.754;1.85;0.292049204;4.66808;1.5
Malta;2012;2.749;6.443;27.543;426616.0;10339580928.0;2749059.0;419.933;2166.325;881.478;2.862;0.410071206;2.245106;0.735714301
Malta;2013;2.429;5.67;26.145;428457.0;10905470976.0;2429647.0;428.264;2068.796;776.974;3.76;0.301162894;7.927020000000001;2.2166666839999998
Malta;2014;2.417;5.563;26.757;434494.0;11737899008.0;2417320.0;444.634;2115.647;780.25;4.744;0.170007065;2.87945;1.00000003
Malta;2015;1.699;3.819;29.281;444979.0;12865696768.0;1697468.0;460.763;2294.528;641.81;5.119;0.153183713;9.19938;3.2666666880000004
Malta;2016;1.376;3.021;32.549;455273.0;13300698112.0;1375879.0;460.995;2470.445;594.334;6.208;0.220734721;6.626416;2.800000041
Malta;2017;1.537;3.285;37.074;467902.0;14746505216.0;1537206.0;502.636;2959.315;685.508;7.219;0.397326299;3.02167;0.0
Malta;2018;1.547;3.193;38.703;484559.0;15659758592.0;1547703.0;526.411;3053.813;689.847;7.914;0.405982379;0.0;0.0
Malta;2019;1.649;3.271;40.333;504017.0;16757308416.0;1649196.0;561.266;3163.634;736.457;8.23;0.0;0.0;0.0
Malta;2020;1.6;3.088;37.14;518213.0;15314071552.0;1600889.0;506.308;2946.878;701.898;10.714;0.0;0.0;0.0
Malta;2021;1.611;3.072;39.15;524383.0;17122043904.0;1611409.0;541.176;2738.727;722.212;12.631;;;
Malta;2022;1.774;3.358;;528194.0;18295134208.0;1774245.0;604.09;3042.956;792.142;14.04;;;
Malta;2023;1.822;3.419;;532964.0;;1768002.0;599.8;3192.164;789.906;15.437;;;
Netherlands;2004;181.892;11.074;1088.744;16425561.0;646331432960.0;182090420.0;62852.872;99449.736;81324.151;2.03;0.0;403.3750899;151.536437414
Netherlands;2005;177.931;10.806;1112.242;16465707.0;664118296576.0;178129760.0;61795.091;99320.442;80055.099;2.478;120.8;352.0343095;136.13119663
Netherlands;2006;173.085;10.494;1089.576;16493851.0;691453820928.0;173279360.0;62018.149;99707.035;79354.733;2.778;133.60000000000002;388.1954559;132.412406235
Netherlands;2007;172.833;10.455;1107.524;16531360.0;721200021504.0;173028180.0;60992.355;99819.146;79027.271;3.298;208.0;627.41555556;171.131418944
Netherlands;2008;175.705;10.586;1094.389;16597257.0;737705000960.0;175903660.0;60652.393;98549.215;78381.715;3.596;147.9;678.2892809;203.23502060799999
Netherlands;2009;170.234;10.203;1079.291;16684147.0;713986801664.0;170433400.0;59534.059;95183.245;77051.256;4.266;207.70000000000002;824.2256404;242.705232205
Netherlands;2010;182.289;10.869;1170.651;16771232.0;728193171456.0;182478750.0;64528.123;100013.605;82743.78;3.917;350.383;778.3812411;216.585805079
Netherlands;2011;169.162;10.039;1115.092;16851061.0;744614395904.0;169346110.0;59571.925;95477.894;77009.541;4.524;150.76;806.581098;257.919832096
Netherlands;2012;165.575;9.789;1095.699;16915191.0;736942161920.0;165751870.0;60071.548;94435.766;77195.002;4.659;197.022;807.0852113999999;295.259080395
Netherlands;2013;164.758;9.71;1062.885;16967065.0;735982977024.0;164925380.0;59343.898;92238.991;75618.986;4.691;185.459;739.3941368999999;302.877161454
Netherlands;2014;157.342;9.239;1016.331;17030087.0;746458841088.0;157502820.0;54493.139;87933.618;71379.094;5.415;152.977;821.9045472;314.695334861
Netherlands;2015;163.743;9.571;1026.032;17107427.0;761083265024.0;163958100.0;55145.751;88432.014;72680.481;5.714;190.03300000000002;967.8283690000001;334.498723864
Netherlands;2016;164.608;9.568;1044.014;17204694.0;777764077568.0;164811760.0;56872.232;90052.485;74280.391;5.846;150.045;719.452122;271.463558304
Netherlands;2017;162.078;9.36;1052.206;17315375.0;800404013056.0;162295740.0;58249.52;91112.374;75439.956;6.507;150.084;224.10141800000002;0.0
Netherlands;2018;158.042;9.072;1026.77;17421284.0;819300859904.0;158264260.0;57880.62;89202.973;73918.057;7.394;223.38400000000001;0.0;0.0
Netherlands;2019;152.422;8.691;1022.329;17537506.0;835323035648.0;152727100.0;56258.934;87652.214;72248.61;8.886;0.0;0.0;0.0
Netherlands;2020;136.67;7.749;990.146;17636732.0;802861613056.0;136974140.0;55218.562;83746.089;69653.702;13.999;0.0;0.0;0.0
Netherlands;2021;139.684;7.878;1014.615;17730564.0;841906651136.0;139885680.0;56429.92;85718.757;71854.7;13.117;;;
Netherlands;2022;127.241;7.107;955.191;17904422.0;879609118720.0;127503144.0;49410.753;78789.19;64037.224;15.291;;;
Netherlands;2023;118.668;6.559;954.524;18092525.0;;117016380.0;48825.428;75886.355;61859.737;17.588;;;
Poland;2004;323.796;8.484;1041.219;38167567.0;570430062592.0;323620770.0;60234.739;91735.869;91194.921;6.882;0.0;4.5655730000000005;15.688888908000001
Poland;2005;322.768;8.466;1061.937;38124377.0;595958562816.0;322576860.0;61700.316;92905.253;92253.971;6.867;0.0;9.795892;15.167133653999999
Poland;2006;336.577;8.841;1110.359;38071170.0;638713856000.0;336387230.0;65210.244;97834.526;97101.553;6.859;0.0;2.86952;19.758333327
Poland;2007;335.924;8.835;1104.644;38020420.0;690249990144.0;335734660.0;64883.96;97410.177;96706.948;6.903;0.0;13.934683;42.320635062
Poland;2008;329.566;8.674;1124.428;37995902.0;726319169536.0;329428450.0;66691.212;98559.486;97737.662;7.686;2.313758997;38.290709;51.82301597
Poland;2009;316.043;8.316;1085.191;38002154.0;760579620864.0;315886300.0;64712.064;94503.526;93773.106;8.676;84.595523222;31.154143;53.31040913
Poland;2010;334.222;8.773;1157.25;38095356.0;795619885056.0;334027520.0;70393.328;101805.09;101079.715;9.281;119.160699439;54.105898;101.914051317
Poland;2011;333.601;8.731;1162.666;38208644.0;843236900864.0;333406080.0;69576.353;101817.051;101147.363;10.337;141.340791013;70.099486;139.40691837
Poland;2012;325.956;8.522;1127.927;38247868.0;856266768384.0;325777700.0;65584.859;97915.712;97232.092;10.955;96.35150188499999;147.548705;181.069372922
Poland;2013;321.927;8.414;1131.318;38259266.0;863601164288.0;321757150.0;67297.583;98613.831;97946.668;11.452;102.025887915;204.380029;177.177900178
Poland;2014;309.596;8.091;1089.354;38265113.0;896737148928.0;309415360.0;64612.23;94943.185;94210.795;11.605;93.157885823;175.09507200000002;158.11309559400001
Poland;2015;312.756;8.173;1103.013;38266314.0;936043806720.0;312548860.0;65179.894;96034.942;95192.609;11.881;103.927983583;235.781575;169.824881058
Poland;2016;323.555;8.456;1150.245;38263259.0;963689906176.0;323300480.0;70460.059;100741.534;99874.925;11.396;78.47100503;275.71203399999996;178.441666966
Poland;2017;336.767;8.803;1208.289;38254964.0;1013223718912.0;336505100.0;74787.709;105469.185;104350.895;11.059;93.900990889;41.392992;0.0
Poland;2018;336.069;8.788;1222.083;38241070.0;1073462050816.0;335718620.0;79826.456;110275.181;108999.599;14.936;56.040162406;0.0;0.0
Poland;2019;317.725;8.312;1187.268;38225884.0;1121231568896.0;317444060.0;77735.892;106374.039;105022.988;15.377;0.0;0.0;0.0
Poland;2020;302.433;7.923;1139.234;38171005.0;1098581278720.0;302102430.0;77109.405;103274.034;102516.255;16.102;0.0;0.0;0.0
Poland;2021;330.979;8.701;1224.758;38040304.0;1173809528832.0;330693730.0;80490.97;109938.799;109025.777;15.604;;;
Poland;2022;315.042;8.207;1186.868;38385734.0;1231021277184.0;314891970.0;76386.054;104759.981;103508.571;16.644;;;
Poland;2023;289.282;7.463;1143.449;38762847.0;;283243460.0;73033.571;98542.982;97093.454;16.651;;;
Portugal;2004;67.302;6.421;298.751;10481384.0;251279589376.0;67302350.0;20943.357;27407.245;26023.898;19.205;2.969;3.86756;1.2380952610000002
Portugal;2005;69.64;6.63;298.263;10502994.0;254196924416.0;69639784.0;20941.449;28015.417;26683.874;19.523;2.319;3.4404993000000004;4.800840782
Portugal;2006;64.856;6.163;295.874;10524122.0;259159932928.0;64856124.0;20174.536;26751.276;25320.466;20.792;1.29;12.78147;8.166666663
Portugal;2007;62.38;5.915;297.491;10546821.0;266663280640.0;62380100.0;20552.843;26691.668;25354.776;21.907;1.983;32.999608;16.775183119
Portugal;2008;60.009;5.681;285.505;10564085.0;268239257600.0;60009650.0;19618.7;26116.741;24716.196;22.929;1.46;19.855843;12.6319955
Portugal;2009;57.147;5.403;288.234;10576264.0;261270601728.0;57147000.0;19083.271;25653.569;24359.932;24.405;3.54;22.2327214;13.678796472
Portugal;2010;52.89;5.0;304.105;10578659.0;267277418496.0;52889936.0;18980.519;24841.817;23505.307;24.15;1.622;47.1603871;18.227651583
Portugal;2011;51.784;4.905;289.831;10557049.0;263424999424.0;51783668.0;18158.579;24328.719;22854.705;24.603;1.101;22.911118;10.917919896
Portugal;2012;49.932;4.749;264.467;10513154.0;252737142784.0;49931980.0;16452.713;22966.088;21439.29;24.574;2.99;25.8121051;15.316666669
Portugal;2013;48.146;4.604;289.661;10458286.0;250405240832.0;48146200.0;16291.744;23040.215;21463.211;25.699;9.544;18.83205;9.000000074999999
Portugal;2014;47.942;4.607;291.774;10406202.0;252388900864.0;47942332.0;16792.127;23320.573;21749.038;29.508;9.034;24.532107;15.472222324999999
Portugal;2015;52.233;5.037;289.522;10370266.0;256911900672.0;52233050.0;16851.213;24230.2;22542.371;30.514;7.97;42.232599;23.486956674
Portugal;2016;50.311;4.863;309.867;10346377.0;262100090880.0;50310916.0;16726.957;24284.081;22371.881;30.864;0.0;25.26063;26.880158914
Portugal;2017;55.165;5.34;301.878;10330836.0;271290335232.0;55165156.0;17006.818;25419.887;23362.56;30.611;0.0;11.578679999999999;0.0
Portugal;2018;51.34;4.972;307.707;10325353.0;279020273664.0;51340276.0;16934.037;24843.099;22670.814;30.203;0.0;0.0;0.0
Portugal;2019;47.583;4.6;293.057;10343218.0;286505631744.0;47583050.0;17583.942;24857.905;22447.447;30.623;0.0;0.0;0.0
Portugal;2020;41.738;4.025;265.248;10370519.0;262724222976.0;41738144.0;16394.328;22086.686;20877.003;33.982;0.0;0.0;0.0
Portugal;2021;40.284;3.877;266.49;10390956.0;277181300736.0;40299850.0;16941.445;22203.331;20878.132;33.982;;;
Portugal;2022;40.687;3.906;262.675;10417075.0;295712915456.0;40722496.0;17165.963;23289.048;21196.904;34.675;;;
Portugal;2023;37.228;3.569;263.458;10430735.0;;37622040.0;16988.253;22676.528;20485.62;35.154;;;
Romania;2004;103.311;4.827;457.624;21403214.0;228570972160.0;103232620.0;25275.752;39345.51;39205.42;16.811;0.0;11.4868;7.0
Romania;2005;101.364;4.778;460.449;21213395.0;244044808192.0;101336590.0;25957.813;38686.289;38560.464;17.571;0.0;13.8073;3.0
Romania;2006;104.322;4.959;467.61;21035734.0;274969690112.0;104290000.0;26468.355;40097.996;39943.045;17.096;0.0;29.353920000000002;11.039215687999999
Romania;2007;108.392;5.193;451.004;20870714.0;304650715136.0;108496600.0;26283.547;39839.813;39681.163;18.195;0.0;26.33714;14.166666687
Romania;2008;106.927;5.161;449.797;20718744.0;339689308160.0;106997310.0;26047.846;39689.348;39485.268;20.204;0.0;17.136347999999998;21.833333347
Romania;2009;87.726;4.263;392.122;20576923.0;326954221568.0;87805750.0;24079.732;34807.408;34643.009;22.157;0.0;9.899604;21.222222268
Romania;2010;84.288;4.125;396.424;20432576.0;335489564672.0;84487900.0;24794.686;35020.942;34838.879;22.834;1.914226175;24.585487999999998;44.795635030999996
Romania;2011;92.241;4.548;408.341;20282008.0;350086823936.0;92390700.0;25009.718;35760.615;35606.084;21.743;1.914226175;36.971227;53.517857226
Romania;2012;89.642;4.447;393.332;20158452.0;356825923584.0;89847710.0;24018.226;34998.756;34851.422;22.825;6.3323005850000005;17.846873000000002;30.333333405999998
Romania;2013;78.598;3.918;369.577;20062914.0;357789270016.0;78795464.0;22701.914;31909.419;31702.468;23.886;7.227632773;33.927385;32.291666802
Romania;2014;79.093;3.961;379.116;19968180.0;372532510720.0;79335350.0;22554.778;31665.416;31378.645;24.845;10.055693562;35.962827;29.166666807
Romania;2015;77.808;3.916;381.136;19871018.0;384306446336.0;78045990.0;22810.177;31917.548;31633.671;24.785;7.876728217;46.619366;35.833333418
Romania;2016;76.312;3.859;381.085;19777049.0;395288248320.0;76586910.0;23114.962;31826.369;31504.39;25.032;6.570373967;19.074866999999998;28.000000004
Romania;2017;79.158;4.02;387.936;19689406.0;456012365824.0;79432344.0;24376.389;33562.493;33198.65;24.454;8.92044258;5.475956;0.0
Romania;2018;79.639;4.064;392.051;19597874.0;473122635776.0;79874424.0;24898.704;33610.239;33454.778;23.875;6.9440194680000005;0.0;0.0
Romania;2019;76.457;3.921;383.818;19501543.0;456564506624.0;76690350.0;25070.541;33239.401;33052.581;24.29;1.200958816;0.0;0.0
Romania;2020;73.71;3.801;369.489;19392469.0;483499376640.0;73946380.0;25087.505;32264.95;32174.534;24.478;0.177166649;0.0;0.0
Romania;2021;77.27;4.014;390.003;19248159.0;505119539200.0;77501260.0;26741.952;34324.984;34208.754;23.871;;;
Romania;2022;72.993;3.808;360.129;19166776.0;504741658624.0;73186024.0;24752.85;31672.4;31563.63;24.229;;;
Romania;2023;68.239;3.569;354.462;19118481.0;;67866024.0;24245.955;30792.411;30675.169;25.758;;;
Slovakia;2004;42.92;7.984;215.043;5376039.0;88594620416.0;42856560.0;11078.641;18259.703;18232.81;6.391;0.23099999999999998;13.0666726;2.200000003
Slovakia;2005;42.926;7.984;226.267;5376696.0;94444699648.0;42857268.0;11686.434;18698.938;18659.632;6.36;0.0;14.204905;1.791208774
Slovakia;2006;42.751;7.951;220.178;5376847.0;102275719168.0;42639350.0;11408.781;18540.666;18500.435;6.584;0.0;11.56359;3.600000009
Slovakia;2007;41.154;7.654;206.629;5376995.0;113160249344.0;41031852.0;11535.063;17756.179;17706.536;7.766;0.0;16.806804999999997;2.333333366
Slovakia;2008;41.551;7.724;212.209;5379125.0;119380221952.0;41425300.0;11842.116;18262.551;18199.463;7.723;16.424;19.60816;6.0
Slovakia;2009;37.8;7.019;192.318;5385074.0;112760233984.0;37681124.0;10867.243;16690.193;16644.688;9.368;17.86;16.13311;4.0
Slovakia;2010;38.462;7.133;205.5;5391857.0;118344318976.0;38464356.0;12187.056;18428.207;18386.837;9.099;19.277;38.064775;9.400000005999999
Slovakia;2011;38.046;7.048;197.691;5398104.0;120554971136.0;38045108.0;11680.411;17865.061;17821.625;10.348;23.951;28.8094192;9.714285716
Slovakia;2012;35.963;6.654;189.893;5404877.0;122144694272.0;35961410.0;10948.127;17301.629;17264.398;10.453;23.947;20.219731;13.666666627
Slovakia;2013;35.623;6.584;194.587;5410422.0;122917617664.0;35621708.0;11203.8;17452.292;17410.924;10.133;24.916;48.90997;24.000000135
Slovakia;2014;33.708;6.225;181.12;5415237.0;126232944640.0;33708172.0;10105.263;16130.826;16095.663;11.713;20.301000000000002;42.84467;17.75
Slovakia;2015;34.528;6.37;182.99;5420279.0;132755570688.0;34527856.0;10610.539;16850.477;16807.04;12.882;2.944;12.962399999999999;17.200000092
Slovakia;2016;34.963;6.442;184.744;5427262.0;135336427520.0;34977550.0;10885.782;17003.816;16954.175;12.029;18.451;24.1806;5.50000003
Slovakia;2017;36.167;6.654;194.595;5435704.0;139312660480.0;36183944.0;11672.43;17883.333;17842.999;11.465;2.056;44.776773999999996;0.0
Slovakia;2018;36.16;6.643;191.296;5443230.0;144927522816.0;36184068.0;11677.41;17534.083;17486.51;11.896;4.246;0.0;0.0
Slovakia;2019;33.831;6.207;184.849;5450626.0;148579172352.0;33853190.0;11270.79;17018.262;16972.757;16.894;0.0;0.0;0.0
Slovakia;2020;31.154;5.711;181.125;5455028.0;143565094912.0;31176160.0;10817.679;16446.618;16417.66;17.345;0.0;0.0;0.0
Slovakia;2021;35.216;6.47;195.223;5442767.0;147892584448.0;35251324.0;11807.45;17792.853;17770.101;17.419;;;
Slovakia;2022;31.55;5.765;179.893;5473194.0;150360424448.0;31589464.0;11062.939;16626.605;16592.476;17.482;;;
Slovakia;2023;30.739;5.571;186.633;5518057.0;;30766244.0;10331.478;16438.978;16410.021;16.991;;;
Slovenia;2004;16.705;8.379;85.143;1993549.0;48578174976.0;16710709.0;5266.501;7297.197;7277.184;18.397;0.0;14.49089;3.100000009
Slovenia;2005;16.936;8.481;85.309;1996914.0;50309132288.0;16941976.0;5442.915;7584.263;7539.862;19.809;0.0;71.1150149;7.149779052
Slovenia;2006;17.178;8.576;85.831;2003113.0;52944719872.0;17184160.0;5437.884;7542.448;7488.221;18.416;0.0;3.568664;2.474999958
Slovenia;2007;17.343;8.611;85.379;2014161.0;56590131200.0;17349082.0;5456.992;7654.263;7573.833;19.675;0.0;2.3823160000000003;3.5
Slovenia;2008;18.278;9.026;93.656;2025090.0;57981923328.0;18284604.0;5779.34;8083.847;7982.687;18.646;0.0;0.476794;1.166666672
Slovenia;2009;16.204;7.96;86.411;2035611.0;53266132992.0;16209410.0;5095.464;7095.664;7035.126;20.765;0.0;10.9930342;3.076190509
Slovenia;2010;16.46;8.05;86.567;2044612.0;53649776640.0;16465506.0;5275.659;7272.289;7225.532;21.081;0.0;19.594107;5.149999962
Slovenia;2011;16.359;7.985;84.039;2048805.0;53761445888.0;16364208.0;5169.537;7271.707;7215.383;20.937;0.0;15.076539;5.38333337
Slovenia;2012;15.76;7.675;81.659;2053321.0;52342431744.0;15765101.0;5038.981;7011.145;6937.172;21.551;0.0;13.457734;6.666666776
Slovenia;2013;15.128;7.356;80.779;2056452.0;51803648000.0;15136785.0;4930.552;6841.715;6754.872;23.16;0.0;48.293191;11.857142976
Slovenia;2014;13.561;6.588;82.861;2058396.0;53237653504.0;13568340.0;4744.586;6610.783;6527.886;22.459;0.0;19.78778;12.298076846
Slovenia;2015;13.645;6.624;74.716;2059947.0;54414237696.0;13658673.0;4851.549;6569.516;6479.797;22.879;0.0;1.323494;3.023809594
Slovenia;2016;14.458;7.014;79.858;2061379.0;56151179264.0;14468012.0;5041.347;6842.152;6698.763;21.975;0.0;14.904157;6.684615448
Slovenia;2017;14.617;7.087;80.721;2062410.0;58855038976.0;14637193.0;5117.377;7071.42;6890.862;21.658;0.0;0.0;0.0
Slovenia;2018;14.52;7.016;82.391;2069484.0;61476691968.0;14563352.0;5144.129;7082.868;6821.909;21.378;0.0;0.0;0.0
Slovenia;2019;14.039;6.739;80.002;2083436.0;63598211072.0;14053007.0;5059.945;6934.077;6716.129;21.968;0.0;0.0;0.0
Slovenia;2020;12.855;6.114;77.295;2102419.0;60849950720.0;12872991.0;4603.274;6457.192;6331.795;25.0;0.0;0.0;0.0
Slovenia;2021;13.059;6.179;76.582;2113495.0;65846345728.0;13076158.0;4929.658;6632.781;6536.268;25.0;;;
Slovenia;2022;12.701;6.005;70.602;2115230.0;69385347072.0;12727840.0;4868.67;6375.414;6353.206;25.002;;;
Slovenia;2023;11.328;5.348;72.429;2118395.0;;12012164.0;4617.335;6080.809;6061.089;25.066;;;
Spain;2004;353.011;8.165;1744.459;43234563.0;1289831710720.0;352139300.0;99513.152;148810.732;138427.3;8.345;43.945;149.9286079;63.089858404
Spain;2005;368.339;8.379;1770.33;43958884.0;1348839669760.0;367447070.0;101803.193;152386.592;141291.424;8.444;49.702;216.3076112;77.865938583
Spain;2006;359.654;8.047;1783.067;44695446.0;1415738556416.0;358869470.0;99338.466;152913.834;141333.278;9.156;59.010999999999996;422.6661265;129.418088976
Spain;2007;367.401;8.072;1828.408;45516501.0;1481143222272.0;366468500.0;101854.538;155341.887;143394.901;9.667;74.219;399.6741372;143.069413997
Spain;2008;335.889;7.265;1774.594;46235055.0;1510615285760.0;335284450.0;98348.504;150448.541;138166.044;10.744;87.109;401.5677126;147.270668525
Spain;2009;296.501;6.358;1652.099;46635182.0;1468765831168.0;296159330.0;91289.327;138972.89;126991.094;12.958;139.725;606.7510338;210.918716048
Spain;2010;282.938;6.04;1692.348;46840470.0;1480376320000.0;282585100.0;91448.755;138536.893;126995.93;13.782;145.81799999999998;630.3171889;198.50625996
Spain;2011;283.801;6.039;1661.356;46998040.0;1477187469312.0;283275040.0;89079.4;138110.713;125769.698;13.176;274.86;512.199813;210.830459324
Spain;2012;278.061;5.914;1647.511;47018321.0;1433478627328.0;277432160.0;85039.853;137469.673;125379.024;14.239;162.444;516.3984467;237.242732978
Spain;2013;251.942;5.376;1578.531;46860393.0;1413362089984.0;252109170.0;80636.618;127965.584;117058.71;15.081;72.384;552.139554;232.42475900199997
Spain;2014;254.181;5.441;1554.219;46720186.0;1433089474560.0;253657840.0;77407.766;126079.777;114522.741;15.879;95.676;368.5638379;211.359532837
Spain;2015;270.74;5.799;1573.144;46683683.0;1488098820096.0;270248030.0;79713.019;130401.299;118954.38;16.221;105.679;329.83108599999997;157.791467163
Spain;2016;259.625;5.556;1582.913;46732766.0;1533303980032.0;259554690.0;82151.026;131435.263;119715.84;17.015;85.417;271.1562106;157.255809443
Spain;2017;273.58;5.837;1602.043;46868594.0;1578931453952.0;273483870.0;86137.132;137139.581;125876.951;17.118;75.943;147.479519;0.0
Spain;2018;268.59;5.703;1628.671;47092817.0;1615001419776.0;268520600.0;87967.519;137261.951;125486.607;17.023;0.0;0.0;0.0
Spain;2019;250.596;5.283;1583.871;47435120.0;1647042625536.0;250673650.0;86979.964;134015.644;121939.72;17.852;0.0;0.0;0.0
Spain;2020;211.843;4.443;1422.96;47679482.0;1460507901952.0;211764740.0;78544.757;118167.742;110214.255;21.22;0.0;0.0;0.0
Spain;2021;229.069;4.799;1530.27;47735670.0;1541122031616.0;228805710.0;84635.335;125413.513;116242.897;20.552;;;
Spain;2022;234.657;4.906;1591.031;47828386.0;1625139970048.0;234223470.0;83190.411;128501.731;116201.915;21.837;;;
Spain;2023;221.616;4.626;1572.863;47911583.0;;215460750.0;82508.408;125017.228;112390.219;24.981;;;
Sweden;2004;56.517;6.284;664.597;8993806.0;341901246464.0;56427524.0;33622.998;54569.982;52034.162;38.427;90.116818051;163.7252507;52.262372028
Sweden;2005;53.875;5.966;673.01;9029770.0;354496937984.0;53787480.0;33360.317;53345.256;50764.173;39.982;52.3368352;169.2702201;57.57089811
Sweden;2006;53.738;5.918;630.143;9080626.0;372234682368.0;53650844.0;32735.871;52196.973;49442.003;41.734;78.164137485;215.4108181;67.691982595
Sweden;2007;52.994;5.793;641.107;9148277.0;387881828352.0;52878800.0;32678.59;51927.911;49192.939;43.224;81.965136686;307.9885369;88.418258166
Sweden;2008;50.866;5.517;638.565;9219903.0;388980506624.0;50765440.0;32811.86;51640.456;48807.22;43.922;92.013419195;488.7733704;124.325489437
Sweden;2009;47.238;5.08;579.813;9298738.0;373026357248.0;47143308.0;31429.108;46936.505;44092.806;47.024;140.24712448;478.3360375;123.579337559
Sweden;2010;53.12;5.664;621.735;9378234.0;399838969856.0;53028584.0;35065.802;52417.345;49753.189;46.099;146.484661632;564.3692026;133.989789704
Sweden;2011;49.211;5.208;612.016;9449262.0;397617922048.0;49113770.0;35657.407;52559.917;50080.91;47.632;125.238050698;491.16562969999995;134.933721684
Sweden;2012;46.712;4.907;645.245;9519479.0;395278745600.0;46606916.0;34773.204;52397.786;49985.371;49.403;120.072590246;768.4911892;251.33176127
Sweden;2013;45.202;4.708;603.543;9600621.0;399973744640.0;45105884.0;34058.009;51500.536;49087.811;50.153;138.590278679;739.6518523999999;295.495885158
Sweden;2014;43.473;4.483;600.777;9696437.0;410604240896.0;43384748.0;33287.952;51040.499;48581.33;51.151;150.967891464;673.349393;258.074830595
Sweden;2015;43.418;4.431;622.062;9799482.0;429037420544.0;43310144.0;31788.042;48852.398;46267.57;52.22;114.689010911;679.090548;236.769152922
Sweden;2016;43.414;4.375;609.401;9923281.0;437921054720.0;43308376.0;33834.604;51097.487;48251.609;52.597;151.870385118;678.392686;233.789733039
Sweden;2017;42.438;4.219;631.343;10057864.0;449166540800.0;42355424.0;34755.196;52650.353;49373.801;53.39;132.265026148;249.666792;0.0
Sweden;2018;42.058;4.133;609.195;10175401.0;457925394432.0;41856004.0;35092.238;52847.578;50095.498;53.916;128.810405184;0.0;0.0
Sweden;2019;40.834;3.972;625.819;10279122.0;467020677120.0;40772480.0;33536.521;51765.146;48807.153;55.785;0.0;0.0;0.0
Sweden;2020;36.703;3.545;600.279;10353680.0;456885338112.0;36622220.0;32635.98;47341.515;44419.328;60.124;0.0;0.0;0.0
Sweden;2021;38.634;3.709;633.68;10416136.0;481492434944.0;38567984.0;34172.58;49717.886;46797.276;62.527;;;
Sweden;2022;37.474;3.573;621.694;10487333.0;494214545408.0;36342156.0;32290.42;47916.722;45200.692;66.287;;;
Sweden;2023;36.556;3.465;597.502;10551493.0;;36708596.0;33071.241;46953.801;44522.795;66.393;;;
